{
  "run_id": "run-0e7a7b02",
  "started_at_utc": "2026-02-17T23:33:58.670994+00:00",
  "adapter": "mock",
  "total": 12,
  "schema_valid_rate": 1.0,
  "exact_match_rate": 0.16666666666666666,
  "avg_f1": 0.3611111111111111,
  "avg_latency_ms": 0.08333333333333333,
  "parse_error_count": 0
}